Ref,Val,Package,PosX,PosY,Rot,Side
"BT1","Battery_Cell","BatteryHolder_CR2032",104.500000,-87.500000,-90.000000,bottom
"C1","470uF 50V","CP_Elec_8x10",137.000000,-125.500000,180.000000,bottom
"C2","100nF 50V","C_0805_2012Metric",140.000000,-119.750000,180.000000,bottom
"C3","330uF 16V","CP_Elec_8x10",89.750000,-124.750000,180.000000,bottom
"C4","100nF 35V","C_0805_2012Metric",97.500000,-128.500000,-90.000000,bottom
"D1","S6M","D_SMC",146.250000,-125.750000,90.000000,bottom
"D2","SK54","ST_D_SMC",115.500000,-120.750000,90.000000,bottom
"FB1","FerriteBead","L_0805_2012Metric",82.250000,-111.500000,90.000000,bottom
"J1","Conn_01x02","PhoenixContact_MC_1,5_2-G-3.81_1x02_P3.81mm_Horizontal",152.567500,-124.150000,-90.000000,bottom
"J3","Conn_01x05","PhoenixContact_MC_1,5_5-G-3.81_1x05_P3.81mm_Horizontal",152.567500,-88.185000,-90.000000,bottom
"J4","Conn_01x05","PinHeader_1x05_P2.54mm_Vertical",103.910000,-55.500000,90.000000,bottom
"J5","Conn_01x03","PhoenixContact_MC_1,5_3-G-3.81_1x03_P3.81mm_Horizontal",152.567500,-109.995000,-90.000000,bottom
"J6","Conn_01x06","PhoenixContact_MC_1,5_6-G-3.81_1x06_P3.81mm_Horizontal",152.567500,-62.450000,-90.000000,bottom
"J8","Conn_01x04","PhoenixContact_MC_1,5_4-G-3.81_1x04_P3.81mm_Horizontal",152.567500,-44.340000,-90.000000,bottom
"L1","47uH","WE-PD_1210",105.500000,-123.750000,-90.000000,bottom
"R8","1k","R_0805_2012Metric",148.125000,-89.000000,180.000000,bottom
"R9","1k","R_0805_2012Metric",148.500000,-93.250000,180.000000,bottom
"R14","1k","R_0805_2012Metric",148.500000,-98.000000,180.000000,bottom
"R15","1k","R_0805_2012Metric",148.500000,-102.000000,180.000000,bottom
"R23","10k","R_0805_2012Metric",145.250000,-115.500000,180.000000,bottom
"R27","10k","R_0805_2012Metric",145.250000,-117.500000,180.000000,bottom
"U1","LM2596S-5","TO-263-5_TabPin3",124.500000,-119.875000,90.000000,bottom
"C5","22uF 16V","CP_EIA-3528-21_Kemet-B",84.500000,-125.500000,180.000000,top
"C6","100nF 16V","C_0805_2012Metric",85.250000,-128.500000,180.000000,top
"C7","100nF 16V","C_0805_2012Metric",95.750000,-119.600000,0.000000,top
"C8","10uF 16V","CP_EIA-3528-21_Kemet-B",96.250000,-116.500000,0.000000,top
"C9","100nF","C_0805_2012Metric",141.750000,-85.000000,-90.000000,top
"C10","100nF","C_0805_2012Metric",141.750000,-89.500000,-90.000000,top
"C11","100nF","C_0805_2012Metric",126.500000,-81.250000,90.000000,top
"C12","100nF","C_0805_2012Metric",126.500000,-85.500000,90.000000,top
"C13","100nF","C_0805_2012Metric",141.750000,-93.500000,-90.000000,top
"C14","100nF","C_0805_2012Metric",141.750000,-98.500000,-90.000000,top
"C15","100nF","C_0805_2012Metric",126.500000,-89.750000,90.000000,top
"C16","100nF","C_0805_2012Metric",126.500000,-94.000000,90.000000,top
"C17","1uF","C_0805_2012Metric",112.700000,-71.000000,180.000000,top
"C18","100nF","C_0805_2012Metric",112.700000,-73.250000,0.000000,top
"C19","100nF","C_0805_2012Metric",92.750000,-61.500000,-90.000000,top
"C20","22pF","C_0805_2012Metric",91.000000,-77.250000,-90.000000,top
"C21","22pF","C_0805_2012Metric",91.000000,-67.000000,90.000000,top
"C22","100nF","C_0805_2012Metric",109.912500,-97.500000,0.000000,top
"C23","100nF","C_0805_2012Metric",110.000000,-105.000000,0.000000,top
"C24","100nF","C_0805_2012Metric",98.950000,-90.750000,90.000000,top
"C25","1uF","C_0805_2012Metric",96.800000,-90.750000,-90.000000,top
"C26","22pF","C_0805_2012Metric",98.250000,-82.250000,-90.000000,top
"C27","22pF","C_0805_2012Metric",90.500000,-82.250000,-90.000000,top
"C28","1uF","C_0805_2012Metric",118.750000,-72.150000,0.000000,top
"C29","100nF","C_0805_2012Metric",118.750000,-70.000000,180.000000,top
"C30","100nF","C_0805_2012Metric",130.000000,-69.500000,90.000000,top
"C31","100nF","C_0805_2012Metric",130.000000,-66.000000,90.000000,top
"C32","100nF","C_0805_2012Metric",133.250000,-69.500000,0.000000,top
"C33","100nF","C_0805_2012Metric",133.250000,-63.750000,0.000000,top
"C34","100pF","C_0805_2012Metric",144.500000,-60.750000,180.000000,top
"C35","100pF","C_0805_2012Metric",144.500000,-63.000000,180.000000,top
"C36","1uF","C_0805_2012Metric",148.750000,-81.500000,180.000000,top
"C37","100nF","C_0805_2012Metric",148.750000,-79.250000,0.000000,top
"C38","100nF","C_0805_2012Metric",144.500000,-48.000000,0.000000,top
"C39","100nF","C_0805_2012Metric",95.500000,-63.500000,90.000000,top
"C40","100nF","C_0805_2012Metric",144.750000,-55.020000,0.000000,top
"D3","LED","LED_0603_1608Metric",148.750000,-125.500000,-90.000000,top
"D4","LED","LED_0603_1608Metric",147.962500,-89.000000,0.000000,top
"D5","LED","LED_0603_1608Metric",148.500000,-93.250000,0.000000,top
"D6","LED","LED_0603_1608Metric",148.500000,-98.000000,0.000000,top
"D7","LED","LED_0603_1608Metric",148.500000,-102.000000,0.000000,top
"D8","M7","D_SMA",141.500000,-108.500000,90.000000,top
"D9","LED","LED_0603_1608Metric",149.250000,-110.750000,-90.000000,top
"D10","M7","D_SMA",141.500000,-115.750000,90.000000,top
"D11","LED","LED_0603_1608Metric",149.250000,-114.500000,-90.000000,top
"FB2","FerriteBead","L_0805_2012Metric",112.700000,-75.250000,180.000000,top
"FB3","FerriteBead","L_0805_2012Metric",100.950000,-90.700000,-90.000000,top
"FB4","FerriteBead","L_0805_2012Metric",118.750000,-74.150000,180.000000,top
"FB5","FerriteBead","L_0805_2012Metric",146.750000,-83.500000,180.000000,top
"J2","Conn_02x20_Odd_Even","RaspberryPİ4",110.726345,-76.500000,90.000000,top
"J7","Conn_01x02","PinHeader_1x02_P2.54mm_Vertical",142.725000,-80.750000,90.000000,top
"Q1","Q_NMOS_GDS","TO-252-3_TabPin2",132.665000,-99.725000,0.000000,top
"Q2","Q_NMOS_GDS","TO-252-3_TabPin2",132.665000,-107.225000,0.000000,top
"R1","150R","R_0805_2012Metric",147.750000,-128.250000,0.000000,top
"R2","10k","R_0805_2012Metric",144.500000,-86.000000,180.000000,top
"R3","10k","R_0805_2012Metric",144.587500,-91.500000,180.000000,top
"R4","4k7","R_0805_2012Metric",139.500000,-85.000000,-90.000000,top
"R5","4k7","R_0805_2012Metric",139.500000,-89.500000,-90.000000,top
"R6","4k7","R_0805_2012Metric",124.000000,-81.250000,-90.000000,top
"R7","4k7","R_0805_2012Metric",124.000000,-85.500000,-90.000000,top
"R10","10k","R_0805_2012Metric",144.500000,-95.750000,180.000000,top
"R11","10k","R_0805_2012Metric",144.587500,-99.500000,180.000000,top
"R12","4k7","R_0805_2012Metric",139.500000,-93.500000,-90.000000,top
"R13","4k7","R_0805_2012Metric",139.500000,-98.500000,-90.000000,top
"R16","4k7","R_0805_2012Metric",124.000000,-89.750000,-90.000000,top
"R17","4k7","R_0805_2012Metric",124.000000,-94.000000,-90.000000,top
"R18","10k","R_0805_2012Metric",96.500000,-59.750000,-90.000000,top
"R19","1k","R_0805_2012Metric",92.000000,-58.500000,0.000000,top
"R20","4.7k","R_0805_2012Metric",103.400000,-79.600000,0.000000,top
"R21","4.7k","R_0805_2012Metric",108.200000,-79.600000,180.000000,top
"R22","2k2","R_0805_2012Metric",146.500000,-111.500000,0.000000,top
"R24","330R","R_0805_2012Metric",113.412500,-97.500000,0.000000,top
"R25","10k","R_0805_2012Metric",124.750000,-101.000000,-90.000000,top
"R26","2k2","R_0805_2012Metric",146.500000,-115.250000,0.000000,top
"R28","330R","R_0805_2012Metric",113.500000,-105.000000,0.000000,top
"R29","10k","R_0805_2012Metric",124.750000,-108.500000,-90.000000,top
"R30","33R","R_0805_2012Metric",119.500000,-65.800000,0.000000,top
"R31","33R","R_0805_2012Metric",119.500000,-67.800000,0.000000,top
"R32","33R","R_0805_2012Metric",148.750000,-67.500000,-90.000000,top
"R33","120R","R_0805_2012Metric",144.750000,-78.000000,0.000000,top
"R34","33R","R_0805_2012Metric",146.500000,-67.500000,-90.000000,top
"R35","33R","R_0805_2012Metric",144.250000,-67.500000,-90.000000,top
"R36","10k","R_0805_2012Metric",148.500000,-43.500000,90.000000,top
"R37","10k","R_0805_2012Metric",149.000000,-52.500000,90.000000,top
"R38","150R 0.1%","R_0805_2012Metric",148.500000,-47.500000,-90.000000,top
"R39","150R 0.1%","R_0805_2012Metric",149.250000,-58.020000,-90.000000,top
"R41","1k","R_0805_2012Metric",91.500000,-64.250000,0.000000,top
"U2","AMS1117-3.3","SOT-223-3_TabPin2",91.500000,-124.250000,0.000000,top
"U3","TLP184","Toshiba_SOIC-4-6_4.4x3.6mm_P1.27mm",133.500000,-81.000000,180.000000,top
"U4","TLP184","Toshiba_SOIC-4-6_4.4x3.6mm_P1.27mm",133.500000,-85.270000,180.000000,top
"U5","TLP184","Toshiba_SOIC-4-6_4.4x3.6mm_P1.27mm",133.500000,-89.520000,180.000000,top
"U6","TLP184","Toshiba_SOIC-4-6_4.4x3.6mm_P1.27mm",133.500000,-93.750000,180.000000,top
"U7","PIC18F26K22-xSO","SOIC-28W_7.5x17.9mm_P1.27mm",104.250000,-69.000000,0.000000,top
"U8","74LVC1G07","SOT-23-5",111.912500,-100.750000,90.000000,top
"U9","TLP184","Toshiba_SOIC-4-6_4.4x3.6mm_P1.27mm",119.500000,-98.750000,0.000000,top
"U10","74LVC1G07","SOT-23-5",112.000000,-108.250000,90.000000,top
"U11","TLP184","Toshiba_SOIC-4-6_4.4x3.6mm_P1.27mm",119.500000,-106.250000,0.000000,top
"U12","BQ32000","SOIC-8_3.9x4.9mm_P1.27mm",93.000000,-89.250000,-90.000000,top
"U13","MAX3232","SOIC-16_3.9x9.9mm_P1.27mm",125.000000,-66.250000,180.000000,top
"U14","MAX3485","SOIC-8_3.9x4.9mm_P1.27mm",146.750000,-73.000000,-90.000000,top
"U15","MCP6001-OT","SOT-23-5",144.862500,-45.250000,180.000000,top
"U16","MCP6001-OT","SOT-23-5",145.000000,-52.270000,180.000000,top
"Y1","Crystal","Crystal_SMD_HC49-SD",95.000000,-72.250000,90.000000,top
"Y2","Crystal","Crystal_Round_D3.0mm_Vertical",93.300000,-83.250000,0.000000,top
